Div,Date,HomeTeam,AwayTeam,FTHG,FTAG,FTR,HTHG,HTAG,HTR,B365H,B365D,B365A,BWH,BWD,BWA,IWH,IWD,IWA,LBH,LBD,LBA,PSH,PSD,PSA,WHH,WHD,WHA,SJH,SJD,SJA,VCH,VCD,VCA,Bb1X2,BbMxH,BbAvH,BbMxD,BbAvD,BbMxA,BbAvA,BbOU,BbMx>2.5,BbAv>2.5,BbMx<2.5,BbAv<2.5,BbAH,BbAHh,BbMxAHH,BbAvAHH,BbMxAHA,BbAvAHA
D1,17/04/15,Ein Frankfurt,M'gladbach,,,,,,,4.2,3.75,1.85,4.1,3.5,1.85,3.3,3.3,2.1,4.1,3.8,1.85,4.07,4.02,1.9,4,3.75,1.85,,,,4.1,4,1.87,47,4.45,3.95,4.15,3.75,2.1,1.87,40,1.7,1.64,2.41,2.23,28,0.5,2.05,1.97,1.99,1.87
D1,18/04/15,Augsburg,Stuttgart,,,,,,,2.2,3.4,3.3,2.2,3.25,3.2,2.2,3.3,3.1,2.15,3.4,3.5,2.23,3.56,3.44,2.25,3.2,3.3,,,,2.25,3.5,3.4,49,2.25,2.17,3.57,3.38,3.5,3.35,45,2.01,1.95,1.95,1.85,30,-0.5,2.24,2.16,1.76,1.71
D1,18/04/15,Dortmund,Paderborn,,,,,,,1.22,6.5,13,1.25,6,10,1.28,5.7,8.3,1.22,6.5,13,1.27,6.51,12.78,1.29,5,12,,,,1.25,6.5,13,49,1.29,1.24,7,6.16,15,12.46,37,1.54,1.5,2.63,2.52,30,-2,2.26,2.17,1.79,1.7
D1,18/04/15,Freiburg,Mainz,,,,,,,2.8,3.3,2.6,2.65,3.2,2.65,2.6,3.2,2.6,2.8,3.3,2.6,2.93,3.36,2.62,2.75,3.2,2.62,,,,2.9,3.3,2.6,49,2.94,2.81,3.4,3.26,2.66,2.55,45,2.05,1.96,1.94,1.84,31,0,2.11,2.02,1.86,1.81
D1,18/04/15,Hertha,FC Koln,,,,,,,2.5,3.1,3.1,2.55,3.1,2.85,2.4,3.05,3,2.5,3.1,3.1,2.57,3.12,3.22,2.62,3,2.9,,,,2.63,3.1,3.13,49,2.7,2.51,3.2,3.05,3.34,3.03,37,2.65,2.5,1.55,1.51,31,0,1.81,1.76,2.19,2.09
D1,18/04/15,Hoffenheim,Bayern Munich,,,,,,,5.5,4.2,1.6,4.75,4,1.65,3.8,3.8,1.8,5.5,4.2,1.6,5.56,4.39,1.63,5,4.2,1.62,,,,5.25,4.2,1.67,49,5.6,5.2,4.4,4.12,1.8,1.62,37,1.66,1.6,2.47,2.29,32,1,1.87,1.81,2.12,2.04
D1,18/04/15,Leverkusen,Hannover,,,,,,,1.36,5.25,8,1.37,4.75,7.75,1.35,5,7.3,1.36,5,9,1.37,5.35,9.87,1.36,4.8,8.5,,,,1.36,5.25,9.5,49,1.38,1.34,5.6,5.03,10.25,9.11,39,1.66,1.6,2.51,2.29,32,-1.5,2.06,1.99,1.94,1.86
D1,19/04/15,Werder Bremen,Hamburg,,,,,,,2,3.5,3.8,2,3.4,3.6,2.05,3.4,3.4,2,3.6,3.8,2,3.72,3.96,2.05,3.4,3.6,,,,2,3.7,3.8,49,2.05,1.98,3.74,3.53,3.96,3.73,45,1.87,1.8,2.15,2,31,-0.5,2.02,1.97,1.93,1.87
D1,19/04/15,Wolfsburg,Schalke 04,,,,,,,1.7,3.8,5,1.7,3.6,5,1.75,3.7,4.1,1.75,4,4.5,1.77,4.06,4.82,1.75,3.5,5,,,,1.75,4,4.75,49,1.77,1.72,4.1,3.85,5.1,4.69,38,1.69,1.63,2.45,2.23,28,-1,2.34,2.22,1.78,1.68
D2,17/04/15,Ingolstadt,Fortuna Dusseldorf,,,,,,,1.5,4,7,1.55,3.8,5.75,1.5,4,6.1,1.5,3.75,6.5,1.53,4.25,7.21,1.53,3.75,6,,,,1.53,4.2,7,48,1.55,1.51,4.27,3.9,7.21,6.68,44,2.08,1.99,1.95,1.8,30,-1,1.95,1.89,2,1.92
D2,17/04/15,Sandhausen,Karlsruhe,,,,,,,4.33,3.2,1.95,3.75,3.2,2,3.6,3.3,2,3.75,3.2,2,4.44,3.37,1.99,3.6,3.2,2,,,,4.2,3.3,2,48,4.44,3.99,3.4,3.21,2.03,1.96,41,2.45,2.34,1.65,1.57,28,0.5,1.95,1.86,2.01,1.95
D2,17/04/15,St Pauli,Nurnberg,,,,,,,2.55,3.4,2.63,2.6,3.1,2.7,2.2,3.3,3.1,2.45,3.3,2.7,2.64,3.36,2.86,2.45,3.2,2.7,,,,2.55,3.4,2.8,48,2.64,2.54,3.44,3.24,3.1,2.73,45,2.07,1.99,1.93,1.79,29,0,1.93,1.84,2.2,1.96
D2,18/04/15,Aalen,Braunschweig,,,,,,,2.88,3.2,2.5,2.7,3.2,2.55,2.9,3.3,2.3,2.75,3.1,2.5,2.81,3.24,2.73,2.8,3,2.5,,,,2.8,3.25,2.7,48,2.9,2.76,3.3,3.12,2.73,2.57,42,2.34,2.23,1.72,1.63,29,0,2.01,1.95,1.94,1.86
D2,18/04/15,Munich 1860,Bochum,,,,,,,2.5,3.4,2.7,2.55,3.2,2.65,2.3,3.3,2.9,2.5,3.3,2.62,2.52,3.5,2.88,2.5,3.3,2.6,,,,2.5,3.4,2.8,48,2.6,2.47,3.52,3.33,2.88,2.72,46,1.84,1.76,2.13,2.03,29,0,1.86,1.81,2.1,2.01
D2,19/04/15,Darmstadt,Heidenheim,,,,,,,1.73,3.5,5,1.8,3.4,4.33,1.65,3.7,4.9,1.73,3.4,4.75,1.78,3.54,5.36,1.85,3.2,4.2,,,,1.8,3.5,5,46,1.85,1.76,3.7,3.4,5.36,4.76,38,2.31,2.21,1.7,1.63,26,-0.75,2.06,2,1.88,1.82
D2,19/04/15,Erzgebirge Aue,Frankfurt FSV,,,,,,,2.25,3.25,3.25,2.3,3.3,2.95,2.1,3.3,3.3,2.3,3.2,3,2.24,3.37,3.47,2.3,3.1,3,,,,2.3,3.3,3.3,46,2.3,2.23,3.4,3.21,3.47,3.19,41,2.17,2.07,1.8,1.73,26,-0.25,1.98,1.92,1.98,1.9
D2,19/04/15,Greuther Furth,Union Berlin,,,,,,,1.8,3.6,4.33,1.87,3.4,4,1.8,3.5,4.2,1.85,3.4,4,1.83,3.6,4.83,1.83,3.4,4,,,,1.85,3.6,4.5,46,1.9,1.81,3.6,3.44,4.83,4.32,41,2.1,2.02,1.86,1.76,27,-0.5,1.88,1.82,2.09,2
D2,20/04/15,Kaiserslautern,RB Leipzig,,,,,,,1.67,3.5,5.5,1.7,3.6,4.6,1.7,3.7,4.5,1.67,3.5,5,1.69,3.76,5.81,1.65,3.5,5,,,,1.7,3.75,5.4,45,1.7,1.66,3.85,3.55,5.9,5.26,41,2.17,2.07,1.85,1.73,25,-0.75,1.96,1.88,2,1.94
E0,18/04/15,Chelsea,Man United,,,,,,,2,3.4,4.33,2,3.5,3.9,2,3.3,3.6,2,3.4,4,2,3.45,4.33,2,3.3,4.33,,,,2,3.4,4.3,50,2.2,2,3.56,3.37,4.33,4,46,2.18,2.08,1.82,1.75,30,-0.5,2.04,1.98,1.94,1.88
E0,18/04/15,Crystal Palace,West Brom,,,,,,,1.95,3.5,4.5,1.95,3.4,3.75,1.9,3.45,3.8,1.95,3.5,4,1.92,3.5,4.69,1.95,3.25,4.2,,,,1.95,3.3,4.4,50,1.95,1.92,3.6,3.41,4.69,4.26,47,2.28,2.15,1.75,1.69,31,-0.5,1.93,1.9,2.02,1.96
E0,18/04/15,Everton,Burnley,,,,,,,1.73,3.8,5.5,1.72,3.8,5,1.7,3.8,4.3,1.73,3.75,5,1.76,3.81,5.29,1.75,3.5,5,,,,1.73,3.8,5.5,50,1.76,1.71,3.85,3.7,5.6,5.18,47,2.08,1.96,1.91,1.84,30,-0.75,2,1.92,1.98,1.94
E0,18/04/15,Leicester,Swansea,,,,,,,2.15,3.4,3.75,2.15,3.3,3.3,2.1,3.3,3.3,2.2,3.4,3.4,2.1,3.53,3.83,2.15,3.3,3.4,,,,2.15,3.5,3.6,50,2.2,2.11,3.55,3.4,3.83,3.55,48,1.95,1.89,2.01,1.91,30,-0.25,1.86,1.81,2.15,2.06
E0,18/04/15,Stoke,Southampton,,,,,,,3.5,3.25,2.3,3,3.3,2.3,2.9,3.3,2.3,3.2,3.25,2.38,3.58,3.28,2.29,3.2,3.2,2.3,,,,3.5,3.13,2.38,50,3.58,3.36,3.32,3.21,2.38,2.27,43,2.41,2.31,1.67,1.6,30,0.25,2,1.94,1.98,1.92
E0,19/04/15,Man City,West Ham,,,,,,,1.25,6.5,11,1.28,6,11,1.27,5.2,10,1.29,6,11,1.25,6.76,13.35,1.29,5,12,,,,1.29,6,12,50,1.29,1.25,7.1,6.05,13.35,11.88,40,1.5,1.46,2.95,2.66,30,-2,2.22,2.15,1.79,1.73
E0,19/04/15,Newcastle,Tottenham,,,,,,,3.3,3.5,2.3,3.3,3.3,2.3,2.65,3.3,2.5,3.2,3.4,2.3,3.3,3.53,2.32,3.2,3.1,2.38,,,,3.13,3.5,2.4,50,3.42,3.19,3.52,3.36,2.5,2.28,48,1.88,1.82,2.1,1.98,29,0.5,1.72,1.67,2.31,2.25
E1,17/04/15,Norwich,Middlesbrough,,,,,,,1.95,3.5,4.33,1.95,3.2,3.9,2,3.2,3.3,2,3.4,4,1.99,3.51,4.3,2,3.4,3.8,,,,1.95,3.5,4.33,48,2,1.95,3.57,3.36,4.43,4.02,44,2.28,2.16,1.77,1.67,30,-0.5,2,1.93,1.96,1.89
E1,18/04/15,Blackburn,Nott'm Forest,,,,,,,2.05,3.6,3.8,2.05,3.25,3.5,2.1,3.1,3.2,2.05,3.6,3.5,2.08,3.72,3.62,2.05,3.5,3.5,,,,2.1,3.7,3.6,49,2.11,2.01,3.72,3.54,3.8,3.55,42,1.76,1.68,2.3,2.15,31,-0.5,2.1,2,1.89,1.83
E1,18/04/15,Blackpool,Fulham,,,,,,,4,3.8,1.95,3.9,3.5,1.85,4.2,3.3,1.75,4,3.75,1.83,4,3.76,1.97,4,3.5,1.91,,,,4,3.8,1.95,49,4.25,3.92,3.8,3.61,1.97,1.89,45,1.78,1.72,2.18,2.09,31,0.5,2.02,1.94,1.97,1.89
E1,18/04/15,Bournemouth,Sheffield Weds,,,,,,,1.36,5.25,10,1.3,5,9,1.3,4.4,8.5,1.33,4.75,10,1.37,5.05,10.28,1.36,4.5,10,,,,1.36,5,10.5,48,1.37,1.33,5.5,4.89,11,9.72,45,1.92,1.81,2.1,1.97,30,-1.5,2.06,1.97,1.95,1.85
E1,18/04/15,Brentford,Bolton,,,,,,,1.53,4.5,6.5,1.5,4.1,5.75,1.55,3.7,5,1.53,4.2,6,1.55,4.44,6.47,1.53,4.2,6,,,,1.55,4.5,6.25,49,1.57,1.52,4.5,4.25,6.6,6.04,37,1.7,1.63,2.33,2.22,32,-1,1.94,1.84,2.08,1.99
E1,18/04/15,Cardiff,Millwall,,,,,,,2.1,3.5,3.8,2,3.25,3.7,1.9,3.2,3.6,2.05,3.4,3.5,2.14,3.43,3.75,2.1,3.2,3.75,,,,2.1,3.5,3.8,49,2.15,2.06,3.5,3.31,4,3.67,46,2.19,2.05,1.83,1.75,31,-0.5,2.14,2.05,1.85,1.79
E1,18/04/15,Charlton,Leeds,,,,,,,2,3.6,4,1.95,3.25,3.9,2,3.2,3.3,2,3.4,3.6,1.99,3.56,4.15,2,3.4,3.8,,,,2.05,3.5,4,49,2.05,1.98,3.6,3.4,4.15,3.81,43,2.25,2.12,1.79,1.7,31,-0.5,2.03,1.97,1.92,1.85
E1,18/04/15,Huddersfield,Derby,,,,,,,3.8,3.75,2,3.8,3.4,1.91,3.6,3.2,1.9,3.75,3.4,2,3.84,3.71,2.03,3.8,3.4,2,,,,3.75,3.7,2.05,49,4.05,3.73,3.75,3.53,2.05,1.96,47,1.91,1.83,2.05,1.96,31,0.5,1.94,1.87,2.02,1.95
E1,18/04/15,Watford,Birmingham,,,,,,,1.4,5.25,8,1.4,4.5,7,1.4,4,6.5,1.4,4.5,8,1.42,5.1,8.01,1.4,4.5,8,,,,1.44,5,8,49,1.44,1.39,5.25,4.75,8.5,7.53,37,1.67,1.58,2.5,2.32,30,-1.25,1.95,1.88,2,1.95
E1,18/04/15,Wigan,Brighton,,,,,,,2.6,3.4,2.9,2.45,3.3,2.7,2.55,3.1,2.55,2.5,3.3,2.8,2.53,3.29,3.08,2.6,3.2,2.75,,,,2.6,3.25,3,49,2.6,2.5,3.4,3.2,3.09,2.86,41,2.38,2.25,1.71,1.62,31,0,1.8,1.77,2.17,2.07
E1,18/04/15,Wolves,Ipswich,,,,,,,2.4,3.5,3.1,2.3,3.25,2.95,2.3,3.1,2.8,2.4,3.4,3,2.38,3.53,3.11,2.4,3.1,3.1,,,,2.45,3.5,3,49,2.45,2.35,3.53,3.33,3.2,2.99,47,2,1.92,1.94,1.87,30,0,1.75,1.7,2.26,2.15
E2,17/04/15,Port Vale,Preston,,,,,,,5,4,1.73,5,3.6,1.6,3.9,3.4,1.7,4.75,3.75,1.73,4.96,3.92,1.76,5,3.5,1.73,,,,4.8,4,1.75,48,5.25,4.72,4,3.65,1.76,1.71,45,1.96,1.87,1.98,1.89,28,0.75,1.99,1.89,1.99,1.93
E2,18/04/15,Barnsley,Peterboro,,,,,,,2.75,3.4,2.75,2.35,3.25,2.7,2.4,3.1,2.5,2.5,3.4,2.7,2.72,3.41,2.71,2.7,3.1,2.7,,,,2.75,3.4,2.7,50,2.75,2.61,3.5,3.25,2.76,2.63,48,2.06,1.96,1.89,1.81,31,0,1.97,1.9,1.98,1.91
E2,18/04/15,Bristol City,Coventry,,,,,,,1.55,4.33,6.5,1.48,4.4,5,1.5,3.7,5,1.5,4.2,6.5,1.6,4.38,5.65,1.57,3.8,6,,,,1.57,4.4,6.25,49,1.6,1.53,4.5,4.06,6.6,5.92,48,1.95,1.84,2.05,1.93,32,-1,2.04,1.93,1.97,1.89
E2,18/04/15,Colchester,Scunthorpe,,,,,,,2.5,3.6,2.9,2.35,3.3,2.7,2.3,3.1,2.6,2.5,3.3,2.8,2.48,3.53,2.92,2.5,3.2,2.9,,,,2.55,3.6,2.8,50,2.55,2.39,3.6,3.36,3.05,2.82,42,1.86,1.78,2.06,1.97,29,-0.25,2.15,2.06,1.83,1.77
E2,18/04/15,Crawley Town,Notts County,,,,,,,3,3.4,2.5,2.7,3.25,2.35,2.45,3.1,2.45,2.8,3.3,2.5,3.02,3.45,2.44,2.9,3.2,2.5,,,,2.9,3.5,2.5,50,3.03,2.86,3.5,3.28,2.58,2.4,46,2.03,1.91,1.95,1.86,26,0,2.19,2.11,1.85,1.73
E2,18/04/15,Crewe,Walsall,,,,,,,3.75,3.4,2.15,3.2,3.2,2.1,2.8,3.1,2.2,3.25,3.3,2.2,3.95,3.43,2.09,3.4,3.3,2.15,,,,3.6,3.4,2.2,50,3.95,3.49,3.45,3.29,2.24,2.08,46,2.24,2.13,1.75,1.67,24,0.25,2.15,2.05,1.84,1.79
E2,18/04/15,Doncaster,Fleetwood Town,,,,,,,1.95,3.75,4,1.95,3.2,3.6,2,3.2,3.1,2.05,3.4,3.6,1.98,3.63,4.04,2,3.3,3.8,,,,2.05,3.6,3.9,50,2.05,1.94,3.75,3.44,4.1,3.8,48,2.14,2.02,1.83,1.75,30,-0.5,2.05,1.93,1.95,1.89
E2,18/04/15,Gillingham,Rochdale,,,,,,,3,3.6,2.4,2.85,3.4,2.2,2.5,3.1,2.4,2.7,3.4,2.5,2.92,3.56,2.46,2.9,3.2,2.5,,,,2.88,3.6,2.5,50,3,2.8,3.6,3.37,2.5,2.4,42,1.81,1.73,2.13,2.05,25,0,2.14,2.05,1.83,1.77
E2,18/04/15,Milton Keynes Dons,Leyton Orient,,,,,,,1.62,4.2,6,1.6,3.8,4.75,1.6,3.5,4.5,1.62,4,5,1.59,4.23,6.07,1.62,3.8,5.5,,,,1.62,4.2,6,50,1.67,1.58,4.25,3.92,6.07,5.55,48,1.81,1.76,2.12,2.02,28,-0.75,1.76,1.73,2.2,2.13
E2,18/04/15,Oldham,Chesterfield,,,,,,,4,3.75,1.95,3.6,3.3,1.91,3.4,3.2,1.9,3.75,3.5,1.95,4.15,3.69,1.93,3.8,3.3,2,,,,3.9,3.7,2,50,4.15,3.83,3.75,3.48,2,1.91,48,1.96,1.89,1.95,1.88,31,0.5,1.99,1.91,1.98,1.91
E2,18/04/15,Sheffield United,Bradford,,,,,,,1.91,3.75,4.33,1.83,3.3,4,1.8,3.3,3.6,1.83,3.5,4.33,1.9,3.65,4.35,1.91,3.4,4,,,,1.91,3.7,4.4,49,1.91,1.85,3.75,3.44,4.57,4.2,47,2.18,2.06,1.88,1.73,31,-0.5,1.9,1.85,2.04,1.97
E2,18/04/15,Swindon,Yeovil,,,,,,,1.4,5,9,1.35,4.4,7.5,1.35,4,7,1.4,4.5,8,1.42,4.7,9,1.4,4.5,8,,,,1.4,5,9,50,1.42,1.38,5,4.46,9.7,8.42,47,1.86,1.79,2.06,1.98,26,-1.25,1.95,1.88,2,1.94
E3,18/04/15,Accrington,Stevenage,,,,,,,3.2,3.6,2.3,2.9,3.3,2.2,2.8,3.1,2.2,3.1,3.4,2.3,3.39,3.5,2.23,3.3,3.2,2.25,,,,3.25,3.6,2.25,49,3.4,3.15,3.6,3.34,2.5,2.21,48,2.02,1.91,1.95,1.86,29,0.25,1.98,1.91,1.96,1.91
E3,18/04/15,AFC Wimbledon,Wycombe,,,,,,,3.5,3.4,2.25,3.25,3.25,2.05,3,3.1,2.1,3.3,3.3,2.25,3.47,3.6,2.15,3.3,3.3,2.2,,,,3.4,3.6,2.2,49,3.5,3.32,3.6,3.35,2.25,2.13,48,2.09,1.95,1.93,1.83,29,0.25,2.07,1.99,1.89,1.83
E3,18/04/15,Cambridge,Mansfield,,,,,,,2.2,3.4,3.2,2.05,3.4,3.1,2.2,3.1,2.8,2.25,3.3,3.3,2.34,3.39,3.27,2.3,3.2,3.2,,,,2.4,3.4,3.2,49,2.4,2.24,3.5,3.25,3.4,3.17,39,2.3,2.17,1.75,1.64,28,-0.25,2.02,1.94,1.93,1.88
E3,18/04/15,Carlisle,Plymouth,,,,,,,3.75,3.6,2.1,3.4,3.25,2,3,3.1,2.1,3.4,3.3,2.2,3.72,3.48,2.11,3.5,3.3,2.1,,,,3.6,3.4,2.2,49,3.8,3.53,3.6,3.32,2.2,2.06,40,2.27,2.15,1.74,1.66,26,0.25,2.14,2.07,1.84,1.77
E3,18/04/15,Exeter,Southend,,,,,,,3,3.4,2.5,2.65,3.3,2.4,2.5,3.1,2.4,2.88,3.3,2.5,3.01,3.32,2.52,2.9,3.2,2.5,,,,3,3.4,2.55,49,3.1,2.88,3.4,3.21,2.55,2.43,39,2.27,2.17,1.74,1.64,29,0.25,1.84,1.77,2.16,2.06
E3,18/04/15,Luton,Hartlepool,,,,,,,1.91,3.6,4.5,1.72,3.5,4.25,1.7,3.4,3.9,1.83,3.5,4.5,1.92,3.69,4.18,1.85,3.5,4.33,,,,1.87,3.75,4.5,49,1.92,1.83,3.75,3.48,4.75,4.28,39,2.29,2.18,1.71,1.63,25,-0.75,2.23,2.11,1.79,1.74
E3,18/04/15,Morecambe,Burton,,,,,,,4,3.5,2.05,3.6,3.4,1.9,3.1,3.2,2,3.75,3.3,2.05,4.07,3.47,2.02,3.75,3.3,2.05,,,,4,3.5,2.05,49,4.1,3.8,3.5,3.31,2.08,1.99,39,2.35,2.2,1.71,1.62,26,0.25,2.25,2.15,1.77,1.72
E3,18/04/15,Newport County,Dag and Red,,,,,,,1.8,3.8,4.75,1.75,3.5,4.1,1.8,3.3,3.6,1.8,3.5,4.75,1.76,3.78,5.07,1.8,3.5,4.5,,,,1.8,3.8,4.8,49,1.82,1.74,3.8,3.56,5.07,4.63,46,2.2,2.06,1.8,1.73,31,-0.5,1.78,1.74,2.18,2.1
E3,18/04/15,Northampton,Cheltenham,,,,,,,1.75,3.8,5.25,1.7,3.6,4.33,1.75,3.4,3.7,1.8,3.6,4.6,1.75,3.83,5.1,1.75,3.5,5,,,,1.8,3.8,4.8,49,1.8,1.72,4,3.63,5.25,4.71,48,2.11,2.01,1.86,1.77,27,-0.75,2.02,1.96,1.92,1.86
E3,18/04/15,Portsmouth,Bury,,,,,,,3.6,3.4,2.2,2.95,3.25,2.2,2.8,3.1,2.2,3.25,3.3,2.25,3.67,3.42,2.18,3.2,3.3,2.25,,,,3.4,3.5,2.25,49,3.75,3.36,3.5,3.27,2.26,2.14,40,2.27,2.14,1.74,1.66,28,0.25,2.08,1.98,1.91,1.85
E3,18/04/15,Shrewsbury,York,,,,,,,1.57,4.2,6.5,1.5,3.95,5.5,1.55,3.5,4.8,1.55,4,6.5,1.58,4.14,6.38,1.62,3.6,6,,,,1.57,4.2,6.5,48,1.62,1.54,4.2,3.87,7,6.21,37,2.25,2.13,1.75,1.67,32,-1,2.05,1.96,1.93,1.86
E3,18/04/15,Tranmere,Oxford,,,,,,,2.7,3.4,2.8,2.5,3.25,2.55,2.5,3,2.5,2.62,3.25,2.75,2.66,3.3,2.85,2.7,3.1,2.7,,,,2.7,3.4,2.8,45,2.75,2.58,3.4,3.17,2.88,2.72,36,2.32,2.19,1.69,1.63,29,0,1.92,1.85,2.03,1.96
EC,18/04/15,Aldershot,Chester,,,,,,,2.1,3.5,3.3,2,3.3,3.25,1.95,3.25,3.3,2.15,3.4,3.2,2.07,3.6,3.69,2.1,3.3,3.5,,,,2.05,3.6,3.5,48,2.2,2.05,3.61,3.37,3.68,3.39,46,1.95,1.85,2,1.91,26,-0.25,1.84,1.79,2.13,2.04
EC,18/04/15,Alfreton Town,Welling United,,,,,,,2.5,3.5,2.63,2.4,3.25,2.6,2.45,3.15,2.5,2.38,3.4,2.75,2.68,3.54,2.67,2.7,3.1,2.7,,,,2.63,3.5,2.6,48,2.72,2.54,3.54,3.29,2.9,2.62,46,1.91,1.83,2.05,1.94,24,0,2,1.91,1.94,1.89
EC,18/04/15,Altrincham,Telford United,,,,,,,1.95,3.6,3.6,1.9,3.4,3.5,1.85,3.35,3.45,1.83,3.6,3.8,1.98,3.67,3.94,2,3.3,3.8,,,,1.98,3.6,3.8,48,2,1.92,3.7,3.46,4.1,3.69,46,1.9,1.79,2.06,1.98,28,-0.5,2,1.93,1.95,1.89
EC,18/04/15,Dover Athletic,Bristol Rvs,,,,,,,3.75,3.5,1.95,3.75,3.5,1.8,3.5,3.2,1.85,3.8,3.5,1.9,4.01,3.52,2,3.8,3.3,2,,,,4,3.5,1.95,48,4.01,3.74,3.68,3.36,2.02,1.94,46,2.11,2.02,1.84,1.76,28,0.5,1.93,1.86,2,1.96
EC,18/04/15,Gateshead,Forest Green,,,,,,,3.5,3.6,2,3.2,3.4,2,3.25,3.2,1.95,3.4,3.4,2.05,3.73,3.54,2.08,3.5,3.3,2.1,,,,3.6,3.5,2.05,48,3.73,3.44,3.6,3.36,2.15,2.03,45,1.97,1.88,1.96,1.89,23,0.25,2.14,2.07,1.83,1.77
EC,18/04/15,Halifax,Torquay,,,,,,,1.91,3.5,4,1.85,3.5,3.5,1.85,3.25,3.6,1.83,3.5,4,2,3.58,3.95,2,3.4,3.8,,,,1.95,3.5,4,48,2.02,1.93,3.65,3.39,4.33,3.78,46,2.04,1.97,1.88,1.8,28,-0.5,2.02,1.96,1.92,1.87
EC,18/04/15,Kidderminster,Barnet,,,,,,,5.25,4.33,1.55,5.25,4,1.5,5,3.75,1.5,5,4,1.6,6.58,4.28,1.55,6,3.8,1.57,,,,6,4.2,1.55,48,6.58,5.79,4.33,3.95,1.6,1.53,39,1.86,1.77,2.09,1.98,23,0.75,2.29,2.2,1.73,1.68
EC,18/04/15,Lincoln,Eastleigh,,,,,,,4.5,3.8,1.73,4.25,3.5,1.7,4.05,3.5,1.7,4.33,3.5,1.8,4.61,3.88,1.8,4.5,3.5,1.8,,,,4.6,3.8,1.75,49,4.62,4.29,3.88,3.62,1.91,1.75,41,1.8,1.72,2.13,2.05,25,0.5,2.17,2.08,1.82,1.76
EC,18/04/15,Macclesfield,Dartford,,,,,,,1.53,4.2,5.75,1.5,4.1,5,1.5,3.65,5.5,1.6,3.75,5.25,1.53,4.21,6.96,1.57,3.8,6,,,,1.53,4.1,7,48,1.6,1.52,4.33,3.9,7,6.06,46,2.11,2,1.86,1.77,26,-0.75,1.73,1.68,2.33,2.2
EC,18/04/15,Nuneaton Town,Woking,,,,,,,5.25,3.9,1.62,4.5,3.5,1.65,5,3.5,1.55,5,3.7,1.67,6.17,3.99,1.62,5.5,3.6,1.67,,,,5.75,3.9,1.62,48,6.19,5.38,4,3.72,1.67,1.6,46,2.11,2.01,1.85,1.77,27,0.75,2.12,2.04,1.85,1.79
EC,18/04/15,Southport,Grimsby,,,,,,,4,3.75,1.83,3.8,3.4,1.8,4,3.3,1.75,3.8,3.6,1.85,4.5,3.59,1.89,4.5,3.4,1.83,,,,4.4,3.6,1.85,48,4.5,4.15,3.8,3.46,1.91,1.82,46,2.13,2.03,1.83,1.74,28,0.5,2.05,1.99,1.89,1.84
EC,18/04/15,Wrexham,Braintree Town,,,,,,,1.91,3.6,3.8,1.85,3.4,3.6,1.9,3.15,3.5,1.83,3.5,3.4,2.03,3.5,4,2,3.2,4,,,,1.95,3.5,4,48,2.05,1.95,3.8,3.34,4,3.72,45,2.17,2.05,1.83,1.74,28,-0.5,2.05,1.98,1.91,1.85
F1,17/04/15,Nantes,Marseille,,,,,,,4.2,3.3,1.95,4.4,3.3,1.95,3.75,3.2,2,4.2,3.4,1.95,4.5,3.48,1.95,4,3.25,2,,,,4.5,3.4,1.95,48,4.52,4.13,3.55,3.35,2.05,1.93,43,2.19,2.1,1.82,1.72,29,0.5,2.01,1.92,1.99,1.91
F1,18/04/15,Bastia,Reims,,,,,,,2.15,3.25,3.6,2.2,3.1,3.4,2.1,3.15,3.45,2.15,3.25,3.6,2.25,3.32,3.57,2.2,3.2,3.4,,,,2.2,3.3,3.7,48,2.25,2.17,3.4,3.24,3.8,3.45,45,2.25,2.15,1.77,1.68,29,-0.5,2.24,2.15,1.76,1.71
F1,18/04/15,Guingamp,Evian Thonon Gaillard,,,,,,,1.95,3.3,4.33,1.95,3.25,4,2,3.2,3.75,1.91,3.3,4.33,1.96,3.45,4.45,1.95,3.2,4.33,,,,1.95,3.4,4.6,48,2,1.92,3.49,3.31,4.6,4.23,36,2.38,2.28,1.7,1.59,30,-0.5,1.96,1.9,2,1.93
F1,18/04/15,Lorient,Toulouse,,,,,,,2.15,3.25,3.6,2.15,3.2,3.4,2.1,3.2,3.4,2.15,3.25,3.6,2.13,3.49,3.71,2.2,3.2,3.4,,,,2.2,3.4,3.7,48,2.2,2.11,3.49,3.29,3.94,3.56,45,2.16,2.08,1.85,1.74,29,-0.5,2.17,2.09,1.81,1.75
F1,18/04/15,Metz,Lens,,,,,,,2.2,3.3,3.4,2.2,3.3,3.2,2.1,3.2,3.4,2.2,3.25,3.4,2.22,3.38,3.59,2.25,3.1,3.4,,,,2.25,3.3,3.6,49,2.25,2.18,3.4,3.25,3.85,3.42,45,2.32,2.18,1.72,1.67,29,-0.5,2.22,2.14,1.78,1.71
F1,18/04/15,Monaco,Rennes,,,,,,,1.67,3.6,6,1.65,3.5,5.5,1.6,3.6,5.6,1.67,3.6,6,1.65,3.77,6.59,1.7,3.3,6,,,,1.67,3.7,6.5,48,1.7,1.64,3.8,3.57,6.7,5.98,36,2.42,2.28,1.65,1.6,30,-1,2.28,2.18,1.77,1.69
F1,18/04/15,Nice,Paris SG,,,,,,,6,3.8,1.62,6,3.9,1.62,6,3.7,1.55,6,3.75,1.62,6.36,3.97,1.63,5.5,3.8,1.62,,,,6.5,4,1.62,48,7.1,6.16,4,3.79,1.75,1.58,46,2.11,2.04,1.84,1.76,31,1,1.83,1.78,2.16,2.06
F1,19/04/15,Lille,Bordeaux,,,,,,,2.15,3.1,3.8,2.15,3.1,3.5,2.2,3.2,3.2,2.2,3.1,3.5,2.21,3.15,3.92,2.2,3.2,3.4,,,,2.2,3.13,4,49,2.25,2.15,3.2,3.1,4.1,3.69,36,2.7,2.55,1.55,1.49,29,-0.5,2.21,2.14,1.78,1.72
F1,19/04/15,Lyon,St Etienne,,,,,,,1.95,3.4,4.2,1.95,3.6,4,1.9,3.35,3.9,1.95,3.3,4.2,1.93,3.6,4.48,1.95,3.25,4.2,,,,1.93,3.5,4.5,47,1.95,1.9,3.6,3.39,4.65,4.23,44,2.24,2.08,1.81,1.73,30,-0.5,1.94,1.89,1.99,1.94
F1,19/04/15,Montpellier,Caen,,,,,,,1.95,3.5,4,1.95,3.25,4,1.85,3.4,4.1,1.95,3.4,4,1.98,3.51,4.26,1.95,3.2,4.33,,,,1.95,3.5,4.33,48,1.99,1.92,3.6,3.43,4.6,4.04,47,2.02,1.96,1.92,1.83,30,-0.5,1.98,1.93,1.97,1.91
F2,17/04/15,Ajaccio GFCO,Sochaux,,,,,,,2.2,3.1,3.5,2.25,2.9,3.4,2.2,3,3.1,2.2,2.85,3.5,2.28,2.99,3.95,2.2,3,3.25,,,,2.25,3,3.8,48,2.31,2.2,3.1,2.94,3.95,3.53,36,2.75,2.63,1.5,1.45,27,-0.25,1.94,1.88,2.01,1.93
F2,17/04/15,Auxerre,Tours,,,,,,,1.75,3.5,4.75,1.8,3.4,4.4,1.75,3.2,4.3,1.73,3.3,4.75,1.82,3.62,5.02,1.73,3.4,4.6,,,,1.8,3.5,5.2,49,1.86,1.76,3.62,3.4,5.2,4.68,47,2.1,2,1.89,1.77,28,-0.5,1.82,1.76,2.16,2.06
F2,17/04/15,Clermont,Orleans,,,,,,,2.15,3,3.75,2.25,2.95,3.4,2,2.9,3.7,2.2,2.8,3.6,2.24,3.03,3.99,2.2,3,3.3,,,,2.2,3,4,49,2.3,2.18,3.1,2.95,4,3.59,37,2.74,2.55,1.5,1.47,27,-0.25,1.9,1.86,2.03,1.96
F2,17/04/15,Creteil,Nancy,,,,,,,3.2,3,2.4,3.25,2.75,2.45,2.75,3.1,2.4,3.1,2.88,2.38,3.37,3.01,2.53,3,3.1,2.3,,,,3.25,3.1,2.45,49,3.37,3.11,3.1,2.99,2.53,2.38,43,2.41,2.29,1.67,1.59,27,0.25,1.84,1.78,2.13,2.05
F2,17/04/15,Laval,Chateauroux,,,,,,,1.75,3.4,5,1.75,3.4,4.75,1.8,3.2,4,1.8,3.1,5,1.75,3.55,5.85,1.75,3.2,5,,,,1.75,3.4,5.75,49,1.8,1.73,3.55,3.33,6,5.1,42,2.42,2.28,1.66,1.59,28,-0.5,1.81,1.73,2.21,2.11
F2,17/04/15,Niort,Nimes,,,,,,,1.67,3.4,6,1.67,3.6,5,1.75,3.1,4.5,1.67,3.25,5.5,1.72,3.76,5.62,1.7,3.5,4.6,,,,1.7,3.75,5.5,48,1.73,1.67,3.8,3.5,6.3,5.22,46,2.05,1.91,1.97,1.86,27,-0.75,1.97,1.88,2.03,1.94
F2,17/04/15,Troyes,Ajaccio,,,,,,,1.55,3.6,7,1.55,3.6,6.25,1.65,3.3,4.9,1.53,3.4,7,1.59,3.88,7.25,1.53,3.6,6,,,,1.53,3.8,8,49,1.65,1.54,3.88,3.63,8,6.65,43,2.43,2.3,1.65,1.58,30,-1,2.08,2,1.89,1.81
F2,17/04/15,Valenciennes,Arles,,,,,,,2.2,3.2,3.4,2.25,3,3.3,1.85,3.1,4,2.2,2.9,3.4,2.23,3.16,3.85,1.95,3.2,3.8,,,,2.2,3.1,3.8,49,2.25,2.13,3.2,3.06,4,3.56,42,2.5,2.34,1.67,1.57,27,-0.25,1.9,1.85,2.04,1.97
F2,18/04/15,Dijon,Angers,,,,,,,1.95,3.3,4,1.95,3.2,3.9,2.2,3,3.1,1.95,3,4,2.03,3.19,4.46,1.91,3.2,4,,,,2,3.2,4.5,50,2.2,1.95,3.3,3.13,4.7,4.1,38,2.5,2.37,1.59,1.55,30,-0.5,2.03,1.96,1.93,1.86
F2,20/04/15,Le Havre,Brest,,,,,,,2.5,3,3,2.65,2.85,2.85,2.3,3,2.9,2.55,2.85,2.9,2.6,2.97,3.24,2.6,2.88,2.8,,,,2.6,3,3.13,46,2.65,2.48,3.01,2.92,3.3,2.99,36,2.63,2.51,1.55,1.49,26,0,1.79,1.73,2.19,2.09
G1,18/04/15,Kerkyra,PAOK,,,,,,,5.25,3.9,1.62,4,3.6,1.8,4.9,3.3,1.65,4.33,3.5,1.73,5.11,4.03,1.7,4.6,3.5,1.7,,,,4.75,3.75,1.7,42,5.3,4.48,4.04,3.65,1.87,1.69,38,1.92,1.83,2.08,1.92,14,0.5,2.35,2.13,1.75,1.69
G1,18/04/15,Panetolikos,Kallonis,,,,,,,1.55,3.8,6,1.62,3.6,5.5,1.6,3.4,5.2,1.6,3.4,5.5,1.6,3.87,6.8,1.6,3.5,5.5,,,,1.6,3.7,6,45,1.63,1.58,3.87,3.56,6.8,5.86,35,2.3,2.2,1.69,1.61,24,-0.75,1.85,1.77,2.13,2.05
G1,18/04/15,Xanthi,Ergotelis,,,,,,,1.65,3.75,5.25,1.62,3.7,5.25,1.65,3.3,4.9,1.7,3.4,4.8,1.71,3.89,5.29,1.65,3.75,4.6,,,,1.67,3.75,5,45,1.71,1.65,3.9,3.58,5.5,4.95,41,1.96,1.82,2.05,1.93,22,-0.5,1.72,1.67,2.28,2.18
G1,19/04/15,Atromitos,Giannina,,,,,,,1.65,3.6,5.5,1.65,3.5,5.25,1.75,3.1,4.5,1.7,3.1,5.25,1.69,3.64,6.09,1.73,3.3,4.8,,,,1.67,3.5,5.5,43,1.77,1.68,3.64,3.38,6.09,5.18,32,2.48,2.3,1.6,1.56,24,-0.5,1.73,1.69,2.29,2.16
G1,19/04/15,Olympiakos,Levadeiakos,,,,,,,1.2,6.5,13,1.19,6.25,13,1.17,5.4,13,1.17,5.75,16,,,,1.15,6.5,15,,,,1.14,7.5,17,40,1.2,1.16,7.9,6.78,18.5,13.5,30,1.53,1.46,2.75,2.58,21,-1.75,1.73,1.66,2.33,2.22
G1,19/04/15,Panthrakikos,Panathinaikos,,,,,,,3.75,3.4,2,4,3.3,1.9,3.7,3.2,1.9,3.9,3.1,1.95,4.42,3.65,1.89,3.75,3.25,1.95,,,,4.1,3.5,1.87,42,4.42,3.87,3.64,3.37,2,1.88,40,2.23,2.04,1.82,1.74,20,0.25,2.34,2.19,1.72,1.67
G1,20/04/15,Veria,Asteras Tripolis,,,,,,,2.45,3.3,2.8,2.4,3.4,2.7,2.5,3,2.7,2.4,3,2.88,,,,2.45,3,2.88,,,,2.45,3.13,3,32,2.52,2.41,3.55,3.09,3,2.85,29,2.3,2.24,1.73,1.6,18,-0.25,2.19,2.08,1.79,1.73
I1,18/04/15,Juventus,Lazio,,,,,,,1.95,3.4,4.33,1.95,3.4,4.25,2.1,3.3,3.3,1.91,3.5,4.2,1.98,3.45,4.43,2,3.2,4,,,,2,3.4,4.33,48,2.1,1.95,3.5,3.37,4.55,4.13,46,2.17,2.06,1.85,1.75,29,-0.5,2.02,1.94,1.97,1.9
I1,18/04/15,Sampdoria,Cesena,,,,,,,1.57,3.8,6.5,1.55,3.75,6.25,1.5,4,6.1,1.53,3.9,7,1.57,4.11,7.05,1.57,3.6,7,,,,1.57,3.9,7.5,49,1.58,1.54,4.11,3.85,7.7,6.74,47,2.18,2.07,1.82,1.74,32,-1,2.05,1.97,1.98,1.88
I1,19/04/15,Cagliari,Napoli,,,,,,,3.8,3.6,1.95,4.1,3.7,1.91,4.2,3.5,1.8,3.8,3.75,1.91,4.29,3.86,1.89,3.8,3.5,1.95,,,,4.33,3.8,1.9,49,4.33,3.95,3.86,3.67,1.96,1.89,40,1.72,1.64,2.36,2.22,31,0.5,2.05,1.98,1.91,1.87
I1,19/04/15,Chievo,Udinese,,,,,,,2.25,3.1,3.6,2.3,2.95,3.4,2.3,3.1,3.1,2.3,3.1,3.4,2.28,3.16,3.77,2.3,3,3.4,,,,2.3,3.1,3.8,49,2.32,2.26,3.25,3.09,3.85,3.47,38,2.57,2.42,1.6,1.54,30,-0.5,2.3,2.23,1.73,1.67
I1,19/04/15,Empoli,Parma,,,,,,,1.53,3.8,6.5,1.57,3.6,6.25,1.6,3.7,5.4,1.62,3.75,6,1.58,3.91,7.49,1.62,3.5,6.5,,,,1.57,3.9,7.5,49,1.62,1.57,4,3.78,7.5,6.51,46,2.15,2.06,1.85,1.75,32,-1,2.08,2.01,1.92,1.84
I1,19/04/15,Inter,Milan,,,,,,,2.25,3.3,3.3,2.3,3.3,3.3,2.4,3.1,2.95,2.2,3.4,3.3,2.23,3.48,3.51,2.3,3.2,3.2,,,,2.2,3.4,3.6,49,2.4,2.22,3.48,3.31,3.6,3.32,48,1.98,1.9,2.03,1.89,30,-0.5,2.26,2.18,1.75,1.7
I1,19/04/15,Palermo,Genoa,,,,,,,2.2,3.25,3.5,2.2,3.1,3.4,2.1,3.2,3.4,2.15,3.3,3.5,2.21,3.39,3.65,2.25,3.1,3.4,,,,2.2,3.3,3.75,49,2.25,2.17,3.4,3.25,3.76,3.49,47,2.19,2.11,1.8,1.72,30,-0.5,2.24,2.15,1.76,1.72
I1,19/04/15,Roma,Atalanta,,,,,,,1.44,4.5,7.5,1.42,4.4,7.25,1.35,4.8,7.6,1.4,4.5,8.5,1.43,4.64,9.31,1.4,4.2,9,,,,1.44,4.5,9.5,49,1.45,1.41,5,4.44,9.9,8.24,48,1.94,1.87,2.03,1.92,29,-1,1.75,1.69,2.32,2.19
I1,19/04/15,Sassuolo,Torino,,,,,,,3.2,3.2,2.38,3.3,3.1,2.4,2.8,3.1,2.5,3.1,3.2,2.4,3.37,3.29,2.39,3,3,2.5,,,,3.4,3.13,2.4,49,3.4,3.15,3.3,3.16,2.5,2.37,46,2.34,2.2,1.71,1.66,30,0.25,1.9,1.84,2.1,2.01
I1,20/04/15,Fiorentina,Verona,,,,,,,1.44,4.5,7.5,1.48,4.33,7.5,1.4,4.4,7.3,1.44,4.5,7,1.49,4.67,7.54,1.44,4.5,7,,,,1.47,4.6,8,47,1.5,1.46,4.83,4.41,8.2,7.02,38,1.65,1.6,2.45,2.28,30,-1,1.82,1.77,2.2,2.11
I2,17/04/15,Cittadella,Vicenza,,,,,,,2.5,3.1,2.9,2.65,2.8,2.9,2.5,2.8,2.9,2.62,2.9,2.75,2.79,2.98,2.95,2.6,3,2.7,,,,2.75,3,2.9,49,2.79,2.6,3.1,2.94,3.05,2.82,39,2.5,2.33,1.68,1.57,29,0,1.9,1.82,2.05,1.98
I2,18/04/15,Bologna,Spezia,,,,,,,2.1,3.1,3.8,1.95,3.2,4,2.1,2.9,3.4,2,3,3.9,2.1,3.11,4.28,2,3.1,3.75,,,,2.1,3.1,4.1,50,2.12,2.05,3.3,3.1,4.28,3.76,37,2.44,2.32,1.68,1.56,30,-0.5,2.13,2.06,1.83,1.77
I2,18/04/15,Carpi,Brescia,,,,,,,1.91,3.4,4,1.75,3.4,4.6,2,2.9,3.7,1.85,3.1,4.5,1.94,3.4,4.53,1.91,3.3,3.8,,,,1.9,3.4,4.6,50,2,1.87,3.5,3.29,4.7,4.19,46,2.15,2.06,1.82,1.73,30,-0.5,1.95,1.88,1.99,1.93
I2,18/04/15,Crotone,Virtus Lanciano,,,,,,,2.4,3,3.2,2.6,2.75,3,2.4,2.8,3,2.4,3,2.9,2.64,2.98,3.16,2.45,3,2.88,,,,2.6,3,3.1,50,2.72,2.47,3.2,2.97,3.26,2.96,38,2.38,2.27,1.7,1.59,30,0,1.81,1.75,2.15,2.06
I2,18/04/15,Pescara,Modena,,,,,,,2.1,3.2,3.6,2.15,2.95,3.6,2.1,2.9,3.4,2.15,3,3.5,2.22,3.09,3.89,2.1,3.1,3.4,,,,2.2,3.2,3.7,50,2.24,2.12,3.25,3.1,3.94,3.53,46,2.28,2.16,1.75,1.67,28,-0.25,1.9,1.84,2.03,1.97
I2,18/04/15,Ternana,Perugia,,,,,,,2.88,2.88,2.75,2.95,2.7,2.7,2.75,2.7,2.65,2.75,2.9,2.62,2.98,2.93,2.84,2.7,3,2.6,,,,2.88,3,2.8,50,2.98,2.76,3.1,2.91,2.94,2.69,37,2.44,2.33,1.65,1.56,30,0,2,1.92,1.94,1.87
I2,18/04/15,Trapani,Bari,,,,,,,2.88,2.88,2.7,2.8,2.75,2.8,2.6,2.8,2.8,2.62,3.1,2.6,2.8,3.13,2.84,2.5,3.25,2.6,,,,2.75,3.2,2.75,50,2.9,2.66,3.25,3.08,2.9,2.66,47,2.02,1.92,1.94,1.85,30,0,1.96,1.9,1.98,1.9
I2,18/04/15,Varese,Avellino,,,,,,,4.5,3.5,1.8,4.6,3.25,1.8,4.2,3.1,1.8,4.5,3.25,1.8,5.27,3.45,1.82,4.33,3.3,1.8,,,,5,3.4,1.83,49,5.27,4.61,3.7,3.35,1.85,1.78,45,2.18,2.09,1.8,1.71,30,0.5,2.11,2.03,1.84,1.79
I2,19/04/15,Latina,Catania,,,,,,,3,3,2.5,2.95,2.85,2.55,2.9,2.8,2.5,2.85,2.9,2.55,3.13,3.05,2.61,2.8,3,2.5,,,,3.1,3,2.63,47,3.14,2.91,3.2,2.97,2.68,2.5,37,2.38,2.28,1.7,1.59,27,0,2.14,2.03,1.83,1.77
I2,19/04/15,Livorno,Frosinone,,,,,,,2.05,3.1,4,2.05,3,3.8,2,2.9,3.7,2,3.2,3.6,2.08,3.27,4.08,2,3.4,3.4,,,,2.1,3.4,3.75,47,2.15,2.04,3.4,3.2,4.08,3.6,43,1.92,1.85,2,1.91,26,-0.25,1.83,1.77,2.15,2.05
I2,20/04/15,Virtus Entella,Pro Vercelli,,,,,,,2.38,3,3.25,2.4,2.85,3.2,2.2,2.8,3.3,2.3,2.9,3.2,2.45,3.07,3.36,2.3,3,3.1,,,,2.4,3,3.4,46,2.46,2.32,3.2,2.99,3.5,3.18,36,2.4,2.3,1.68,1.57,25,-0.25,2.08,2,1.9,1.82
N1,17/04/15,Cambuur,Excelsior,,,,,,,1.8,3.75,4.2,1.8,3.6,4,1.85,3.5,3.5,1.8,3.9,4.2,1.82,3.97,4.46,1.75,3.75,4,,,,1.8,3.9,4.2,48,1.83,1.78,4,3.76,4.7,4.16,40,1.7,1.63,2.38,2.21,30,-0.5,1.82,1.78,2.16,2.05
N1,18/04/15,AZ Alkmaar,Den Haag,,,,,,,1.75,3.75,4.33,1.72,3.8,4.33,1.7,3.6,4,1.8,3.8,4.2,1.87,3.97,4.03,1.73,3.75,4,,,,1.8,3.9,4.2,49,1.88,1.79,4,3.76,4.7,4.12,38,1.64,1.6,2.43,2.26,29,-0.5,1.88,1.8,2.09,2.03
N1,18/04/15,PSV Eindhoven,Heerenveen,,,,,,,1.3,5.25,9.5,1.33,5.25,7.25,1.27,4.8,8.5,1.3,5.5,8.5,1.32,6.06,9.38,1.29,5.5,7.5,,,,1.3,6,9,49,1.33,1.3,6.2,5.55,10,8.57,33,1.39,1.35,3.4,3.06,31,-1.5,1.91,1.83,2.09,1.99
N1,18/04/15,Vitesse,Dordrecht,,,,,,,1.13,8,19,1.14,8,13.5,1.15,6,13,1.15,8,15,1.17,9.04,15.96,1.12,7,15,,,,1.13,9,21,49,1.17,1.13,9.2,8.29,21,16.04,34,1.3,1.26,4.1,3.63,30,-2.5,2.05,1.96,1.95,1.86
N1,18/04/15,Willem II,Groningen,,,,,,,1.91,3.6,3.75,2,3.5,3.4,1.9,3.4,3.4,2,3.7,3.5,2.03,3.76,3.74,2,3.4,3.3,,,,2,3.75,3.5,49,2.06,1.99,3.76,3.55,3.75,3.53,43,1.75,1.69,2.29,2.13,31,-0.5,2.05,1.99,1.9,1.83
N1,19/04/15,Ajax,NAC Breda,,,,,,,1.25,5.75,11,1.26,5.5,9.75,1.25,5.5,8,1.25,6,10,1.26,6.61,11.37,1.22,6,9.5,,,,1.25,6.25,11,49,1.3,1.25,6.61,5.89,12.56,10.3,35,1.5,1.45,2.8,2.62,29,-1.5,1.81,1.75,2.2,2.09
N1,19/04/15,Feyenoord,Go Ahead Eagles,,,,,,,1.17,7,15,1.17,6.75,12.5,1.15,7,10,1.17,8,13,1.17,8.74,15.93,1.12,7,15,,,,1.14,8.5,17,49,1.18,1.15,8.74,7.53,18.57,14.73,34,1.36,1.32,3.5,3.24,29,-2,1.79,1.73,2.2,2.11
N1,19/04/15,Heracles,Zwolle,,,,,,,2.4,3.4,2.8,2.3,3.4,2.85,2.3,3.3,2.65,2.4,3.6,2.75,2.51,3.69,2.78,2.4,3.4,2.6,,,,2.5,3.6,2.7,49,2.53,2.42,3.69,3.47,2.95,2.72,38,1.62,1.58,2.45,2.29,30,0,1.87,1.81,2.15,2.01
N1,19/04/15,Utrecht,Twente,,,,,,,2.7,3.5,2.45,2.75,3.3,2.4,2.45,3.3,2.45,2.7,3.6,2.5,2.69,3.71,2.59,2.6,3.4,2.4,,,,2.63,3.7,2.5,49,2.8,2.64,3.71,3.5,2.6,2.47,38,1.65,1.61,2.44,2.24,30,0,2.02,1.96,1.93,1.85
P1,17/04/15,Guimaraes,Sp Braga,,,,,,,3.4,3.3,2.15,3.6,3.3,2,3,3.1,2.2,3.6,3,2.1,3.81,3.33,2.17,3.6,3.2,2,,,,3.7,3.3,2.15,48,3.92,3.61,3.4,3.22,2.2,2.08,42,2.31,2.23,1.7,1.62,28,0.5,1.8,1.75,2.17,2.08
P1,18/04/15,Belenenses,Benfica,,,,,,,15,6,1.2,15.5,5.5,1.2,11,5.2,1.2,15,4.8,1.22,15.3,6.05,1.25,13,5,1.22,,,,18,6,1.22,49,18,14.74,6.5,5.49,1.25,1.22,44,1.93,1.86,2.03,1.92,27,1.75,1.95,1.88,2.01,1.95
P1,18/04/15,Porto,Academica,,,,,,,1.08,10,26,1.08,8.5,29,1.12,6.5,14,1.09,7.5,31,1.1,12,26.65,1.07,8.5,26,,,,1.08,11.5,34,49,1.11,1.08,13.02,8.98,42.62,29.48,38,1.57,1.5,2.65,2.51,27,-2.5,2.08,1.99,1.87,1.83
P1,19/04/15,Gil Vicente,Rio Ave,,,,,,,3,3,2.5,2.9,3.1,2.45,2.7,3.1,2.4,3.1,3,2.35,3.12,3.23,2.5,2.88,3,2.45,,,,3.1,3.2,2.45,47,3.2,2.97,3.23,3.11,2.6,2.4,39,2.38,2.21,1.71,1.63,27,0.25,1.82,1.77,2.21,2.07
P1,19/04/15,Pacos Ferreira,Moreirense,,,,,,,2,3.3,3.8,2.05,3.2,3.6,2,3.2,3.3,2.05,3.1,3.6,2.06,3.42,3.95,2,3.2,3.6,,,,2.05,3.4,3.9,47,2.12,2.02,3.42,3.25,4,3.72,44,2.26,2.18,1.75,1.65,28,-0.5,2.08,2.02,1.86,1.8
P1,19/04/15,Penafiel,Arouca,,,,,,,3,3,2.5,2.9,2.95,2.5,2.7,3.1,2.4,2.9,2.9,2.45,2.96,3.22,2.62,2.8,3,2.5,,,,2.9,3.2,2.63,47,3,2.85,3.22,3.05,2.7,2.54,38,2.38,2.26,1.66,1.6,27,0,2.08,2.01,1.87,1.81
P1,19/04/15,Setubal,Estoril,,,,,,,2.7,3.1,2.7,2.6,3,2.75,2.5,3.1,2.6,2.8,2.9,2.55,2.71,3.22,2.85,2.7,2.9,2.7,,,,2.7,3.2,2.8,47,3,2.66,3.22,3.07,2.88,2.7,38,2.5,2.3,1.7,1.58,27,0,1.92,1.87,2.01,1.94
P1,19/04/15,Sp Lisbon,Boavista,,,,,,,1.17,6.5,19,1.16,6,20,1.15,6,13,1.18,5.5,15,1.18,7.45,19.3,1.18,6,13,,,,1.17,7,23,46,1.2,1.17,7.45,6.46,23,18.1,37,1.67,1.61,2.37,2.24,29,-2,2,1.93,1.97,1.89
P1,20/04/15,Maritimo,Nacional,,,,,,,2.5,3.1,2.9,2.4,3,3,2.6,3,2.6,2.45,3,2.85,2.61,3.26,2.93,2.45,3.1,2.8,,,,2.6,3.25,2.9,45,2.61,2.5,3.3,3.14,3.04,2.83,43,2.22,2.1,1.78,1.7,25,0,1.87,1.8,2.08,2.01
SC0,18/04/15,Aberdeen,Dundee United,,,,,,,1.57,4.33,5,1.57,3.9,4.75,1.55,3.7,5.4,1.62,3.75,5.5,1.56,4.28,6.52,1.57,3.8,6,,,,1.55,4.33,6,46,1.62,1.55,4.33,3.98,6.52,5.64,43,1.87,1.79,2.08,1.97,26,-1,2.08,1.95,1.95,1.85
SC1,18/04/15,Alloa,Queen of Sth,,,,,,,3.6,3.6,1.95,3.5,3.4,1.9,3.6,3.2,1.9,3.8,3.4,1.9,3.84,3.58,2.02,3.8,3.5,1.95,,,,3.7,3.6,2,49,3.95,3.57,3.6,3.42,2.02,1.93,38,1.94,1.84,2,1.9,25,0.5,1.91,1.85,2.02,1.96
SC1,18/04/15,Dumbarton,Rangers,,,,,,,6.5,4.5,1.44,5.5,4.2,1.45,6,3.9,1.45,6,4,1.45,7.13,4.74,1.46,7,4.5,1.44,,,,6.5,4.6,1.47,49,7.47,6.27,4.75,4.31,1.5,1.44,37,1.63,1.58,2.5,2.27,22,1,2.14,2.08,1.79,1.74
SC1,18/04/15,Hearts,Raith Rvs,,,,,,,1.22,6,12,1.25,5,8.75,1.27,4.6,9,1.29,4.8,10,1.26,6.2,12.09,1.25,5.5,12,,,,1.25,6,12,49,1.3,1.24,6.2,5.47,12.09,10.14,37,1.6,1.53,2.57,2.38,25,-1.5,1.82,1.76,2.14,2.06
SC2,18/04/15,Airdrie Utd,Ayr,,,,,,,1.57,4,5.5,1.53,3.9,5,1.55,3.85,4.75,1.57,3.9,5.25,1.63,4.18,5.43,1.6,4,5.5,,,,1.57,4.3,5.5,46,1.63,1.56,4.33,3.91,5.9,5.09,34,1.75,1.65,2.23,2.12,20,-1,2.09,2,1.88,1.81
SC2,18/04/15,Brechin,Dunfermline,,,,,,,2,3.6,3.5,1.9,3.5,3.4,1.9,3.45,3.35,2,3.4,3.3,2.08,3.74,3.48,2.05,3.5,3.5,,,,2,3.7,3.6,46,2.08,1.96,3.75,3.46,3.65,3.37,35,1.8,1.68,2.18,2.07,19,-0.5,2.08,1.98,1.88,1.83
SC2,18/04/15,Peterhead,Forfar,,,,,,,3.5,3.6,2,3.1,3.5,2,3.2,3.45,1.95,3.3,3.3,2.05,3.24,3.72,2.18,3.6,3.3,2.1,,,,3.3,3.7,2.1,46,3.6,3.24,3.72,3.41,2.18,2.03,35,1.73,1.65,2.23,2.13,18,0.5,1.82,1.75,2.18,2.07
SC2,18/04/15,Stirling,Morton,,,,,,,7,4.33,1.44,5.5,4.2,1.45,5.25,4.15,1.45,5.75,4,1.5,6.2,4.64,1.52,6,4.2,1.53,,,,6,4.6,1.5,46,7,5.62,4.64,4.21,1.53,1.48,35,1.57,1.51,2.69,2.42,19,1,2.09,2.01,1.88,1.81
SC2,18/04/15,Stranraer,Stenhousemuir,,,,,,,1.5,4.2,6.5,1.5,4,5.25,1.5,4.1,5.25,1.53,3.8,6,1.52,3.53,6.44,1.53,4.2,6,,,,1.53,4.3,6.25,44,1.53,1.5,4.33,3.99,7,5.67,34,1.67,1.6,2.35,2.22,20,-1,1.92,1.86,2.02,1.95
SC3,18/04/15,Annan Athletic,East Fife,,,,,,,2.38,3.8,2.6,2.35,3.5,2.5,2.3,3.4,2.6,2.3,3.6,2.7,2.42,3.64,2.87,2.4,3.6,2.75,,,,2.4,3.6,2.8,46,2.42,2.33,3.8,3.44,2.88,2.66,29,1.72,1.64,2.25,2.14,17,-0.25,2.13,2.07,1.8,1.76
SC3,18/04/15,Arbroath,Queens Park,,,,,,,2.45,3.6,2.63,2.2,3.5,2.7,2.45,3.3,2.5,2.6,3.3,2.5,2.63,3.53,2.69,2.62,3.3,2.62,,,,2.6,3.6,2.6,46,2.63,2.45,3.6,3.32,2.9,2.59,29,1.79,1.7,2.14,2.05,17,-0.25,2.29,2.17,1.82,1.69
SC3,18/04/15,Clyde,Albion Rvs,,,,,,,3.8,3.8,1.85,3.3,3.6,1.9,3.8,3.45,1.8,3.8,3.5,1.85,4.2,3.7,1.89,4,3.5,1.91,,,,4,3.7,1.9,45,4.2,3.9,3.85,3.48,1.91,1.81,29,1.94,1.79,2,1.92,17,0.75,1.78,1.71,2.2,2.13
SC3,18/04/15,East Stirling,Berwick,,,,,,,2.5,3.6,2.6,2.2,3.6,2.65,2.35,3.4,2.55,2.4,3.3,2.7,2.49,3.6,2.81,2.5,3.3,2.8,,,,2.5,3.6,2.7,46,2.5,2.37,3.75,3.4,2.88,2.64,28,1.71,1.63,2.27,2.15,17,-0.25,2.19,2.13,1.76,1.71
SC3,18/04/15,Montrose,Elgin,,,,,,,3.6,3.8,1.91,3.5,3.6,1.83,3.4,3.65,1.85,3.5,3.5,1.9,3.79,3.95,1.93,3.5,4,1.91,,,,3.6,3.9,1.95,44,3.79,3.47,4,3.64,1.96,1.88,30,1.55,1.49,2.69,2.46,16,0.5,1.97,1.9,1.95,1.9
SP1,17/04/15,Levante,Espanol,,,,,,,2.88,3.1,2.6,2.8,3.2,2.7,2.3,3.3,2.9,2.88,3.1,2.62,2.92,3.23,2.72,2.9,3,2.62,,,,2.9,3.2,2.7,48,3,2.84,3.3,3.08,2.9,2.66,39,2.58,2.48,1.58,1.52,30,0,2.05,1.96,2.01,1.87
SP1,18/04/15,Ath Bilbao,Getafe,,,,,,,1.67,3.75,5.5,1.65,3.6,5.5,1.75,3.5,4.5,1.67,3.6,5.5,1.64,3.9,6.51,1.67,3.4,6,,,,1.7,3.8,5.75,49,1.8,1.64,3.89,3.67,6.52,5.73,46,2.31,2.18,1.71,1.67,29,-0.75,1.88,1.8,2.1,2.04
SP1,18/04/15,Barcelona,Valencia,,,,,,,1.22,7,12,1.22,7,13.5,1.25,6,9,1.22,6.5,11,1.24,7.25,13.5,1.25,5.5,13,,,,1.22,7,15,49,1.25,1.21,7.5,6.6,15,12.7,39,1.4,1.37,3.25,3.01,30,-2,2.07,1.99,1.91,1.85
SP1,18/04/15,La Coruna,Ath Madrid,,,,,,,4.5,3.5,1.85,4.75,3.5,1.85,4,3.45,1.85,5,3.5,1.75,5.02,3.56,1.85,5,3.1,1.85,,,,4.8,3.5,1.87,49,5.02,4.74,3.57,3.38,1.87,1.82,43,2.48,2.33,1.65,1.58,31,0.5,2.11,2.04,1.86,1.8
SP1,18/04/15,Real Madrid,Malaga,,,,,,,1.14,8.5,17,1.17,7.75,18,1.15,7.5,13,1.15,8.5,15,1.18,9,16.75,1.17,7,17,,,,1.17,9,18,49,1.18,1.15,9.04,8.05,18.63,15.94,36,1.33,1.28,4,3.59,29,-2.25,2.01,1.93,1.96,1.91
SP1,19/04/15,Eibar,Celta,,,,,,,3.4,3.3,2.2,3.3,3.3,2.15,2.9,3.3,2.3,3.5,3.3,2.15,3.78,3.5,2.12,3.5,3.1,2.2,,,,3.75,3.4,2.15,49,3.78,3.49,3.6,3.33,2.3,2.13,44,2.29,2.19,1.71,1.65,30,0.5,1.83,1.76,2.17,2.11
SP1,19/04/15,Granada,Sevilla,,,,,,,4.33,3.6,1.85,4.25,3.8,1.85,4.5,3.5,1.75,4.33,3.6,1.83,4.27,3.81,1.91,4,3.5,1.91,,,,4.3,3.8,1.9,49,4.5,4.17,3.82,3.63,2.09,1.85,47,1.92,1.87,2.02,1.92,31,0.5,2.05,1.99,1.91,1.85
SP1,19/04/15,Vallecano,Almeria,,,,,,,1.8,3.8,4.33,1.8,3.6,4.2,1.85,3.45,4,1.8,3.75,4.2,1.83,3.89,4.64,1.85,3.1,5,,,,1.85,3.9,4.4,49,1.85,1.8,4,3.73,5,4.33,43,1.74,1.69,2.23,2.14,30,-0.5,1.82,1.78,2.14,2.06
SP1,19/04/15,Villarreal,Cordoba,,,,,,,1.3,5.25,11,1.3,5.25,12,1.27,5.5,9,1.3,5.5,10,1.32,5.69,11.2,1.33,4.8,10,,,,1.3,5.5,12,49,1.33,1.3,5.71,5.3,12,10.27,44,1.75,1.66,2.28,2.17,31,-1.5,1.97,1.92,1.98,1.93
SP1,20/04/15,Elche,Sociedad,,,,,,,2.6,3.1,2.9,2.65,3.4,2.75,2.3,3.3,2.9,2.62,3.25,2.75,2.67,3.34,2.89,2.7,3,2.8,,,,2.7,3.3,2.88,47,2.72,2.6,3.4,3.16,3,2.81,45,2.34,2.22,1.69,1.64,30,0,1.93,1.85,2.04,1.98
SP2,18/04/15,Albacete,Recreativo,,,,,,,1.75,3.4,5,1.75,3.3,4.4,1.75,3.3,4.2,1.83,3.4,4,1.83,3.59,4.89,1.8,3.25,4.4,,,,1.8,3.5,5,48,1.83,1.77,3.66,3.4,5,4.51,42,2.25,2.15,1.74,1.67,29,-0.5,1.83,1.78,2.12,2.04
SP2,18/04/15,Girona,Leganes,,,,,,,1.95,3.25,4.1,1.87,3.1,4.2,2,3.2,3.3,1.91,3.3,3.75,2.08,3.21,4.2,2,3.1,3.8,,,,2,3.25,4.33,49,2.08,1.97,3.4,3.15,4.33,3.91,36,2.62,2.48,1.57,1.49,30,-0.5,2.08,1.98,1.9,1.83
SP2,18/04/15,Mirandes,Las Palmas,,,,,,,3.5,3.1,2.2,3.3,3,2.15,3,3.1,2.2,2.88,3.25,2.25,3.48,3.22,2.31,3.2,3,2.25,,,,3.4,3.2,2.3,48,3.53,3.26,3.25,3.07,2.31,2.22,35,2.4,2.29,1.62,1.57,28,0.25,1.94,1.88,2.01,1.94
SP2,18/04/15,Ponferradina,Osasuna,,,,,,,2.05,3.2,3.8,1.95,3,3.9,2,3.2,3.3,1.91,3.3,3.75,2.11,3.33,3.93,2.05,3.1,3.6,,,,2.15,3.3,3.75,48,2.15,2.04,3.35,3.18,4,3.62,34,2.35,2.22,1.68,1.61,28,-0.25,1.85,1.78,2.14,2.04
SP2,18/04/15,Santander,Lugo,,,,,,,2.3,3.1,3.25,2.35,2.9,3,2.3,3.1,2.8,2.25,3,3.2,2.55,3.08,3.19,2.5,2.88,3,,,,2.5,3,3.25,48,2.55,2.4,3.11,2.97,3.25,3.05,36,2.7,2.51,1.53,1.48,28,-0.25,2.16,2.04,1.85,1.78
SP2,18/04/15,Sp Gijon,Alaves,,,,,,,1.67,3.5,5.5,1.72,3.3,4.6,1.7,3.4,4.3,1.73,3.4,4.5,1.79,3.56,5.24,1.73,3.25,4.5,,,,1.8,3.5,5,48,1.8,1.75,3.6,3.39,5.5,4.67,38,2.3,2.19,1.69,1.63,28,-0.75,2.09,2.03,1.85,1.79
SP2,19/04/15,Alcorcon,Mallorca,,,,,,,1.85,3.3,4.5,1.91,3.2,3.8,1.85,3.2,3.8,1.91,3.2,3.75,1.92,3.36,4.73,1.85,3.2,4.2,,,,1.87,3.4,4.75,45,1.92,1.84,3.6,3.26,4.75,4.26,35,2.5,2.3,1.65,1.57,26,-0.5,1.93,1.87,2.02,1.94
SP2,19/04/15,Betis,Zaragoza,,,,,,,1.62,3.5,6.5,1.6,3.7,5,1.65,3.5,4.5,1.67,3.4,5,1.63,3.91,6.21,1.65,3.5,5,,,,1.62,3.9,6,46,1.67,1.6,4,3.65,6.5,5.44,42,2.1,2.01,1.86,1.77,26,-0.75,1.85,1.8,2.1,2.02
SP2,19/04/15,Numancia,Barcelona B,,,,,,,1.67,3.6,5.25,1.65,3.4,5,1.7,3.4,4.3,1.75,3.3,4.5,1.71,3.96,5.15,1.73,3.5,4.33,,,,1.73,3.9,5,46,1.75,1.68,3.96,3.66,5.25,4.63,40,1.75,1.68,2.3,2.12,26,-0.75,1.95,1.89,2,1.92
SP2,19/04/15,Tenerife,Llagostera,,,,,,,1.8,3.25,5,1.83,3.25,4,1.8,3.2,4,1.85,3.25,4,1.85,3.38,5.11,1.83,3.2,4.33,,,,1.8,3.4,5.2,45,1.85,1.79,3.5,3.28,5.2,4.51,35,2.51,2.38,1.6,1.54,26,-0.5,1.86,1.8,2.1,2.01
SP2,19/04/15,Valladolid,Sabadell,,,,,,,1.53,3.75,7,1.48,3.6,6.75,1.5,3.8,5.5,1.44,4,7,1.54,4.07,7.29,1.5,3.75,6.5,,,,1.53,4.1,7,46,1.54,1.5,4.33,3.85,7.29,6.46,41,2.06,1.99,1.88,1.78,27,-1,2,1.92,1.96,1.89
T1,17/04/15,Gaziantepspor,Konyaspor,,,,,,,2.6,3.2,2.7,2.45,3.2,2.8,2.4,3.1,2.7,2.65,3,2.65,2.73,3.35,2.78,2.5,3.1,2.7,,,,2.63,3.3,2.75,47,2.72,2.58,3.35,3.16,2.86,2.69,44,2.2,2.12,1.76,1.69,28,0,1.95,1.87,2,1.93
T1,18/04/15,Karabukspor,Genclerbirligi,,,,,,,2,3.3,3.8,2,3.4,3.5,,,,2,3.2,3.7,2.01,3.48,4.08,1.95,3.4,3.5,,,,1.95,3.4,3.9,42,2.05,1.97,3.5,3.32,4.08,3.72,38,2.17,2.07,1.82,1.72,22,-0.5,2.02,1.97,1.93,1.84
T1,18/04/15,Kasimpasa,Besiktas,,,,,,,3,3.25,2.38,2.85,3.3,2.35,3,3.1,2.2,3,3.1,2.3,3.14,3.46,2.37,2.8,3.2,2.38,,,,2.9,3.3,2.38,41,3.6,2.95,3.6,3.25,2.4,2.32,34,2,1.93,1.92,1.84,21,0,2.23,2.13,1.76,1.69
T1,19/04/15,Buyuksehyr,Rizespor,,,,,,,1.75,3.6,4.75,1.75,3.6,4.33,1.75,3.3,4.2,1.8,3.3,4.5,1.79,3.69,5.06,1.75,3.5,4.2,,,,1.8,3.6,4.5,39,1.83,1.76,3.7,3.5,5.06,4.45,35,2.13,2.04,1.82,1.75,21,-0.5,1.83,1.77,2.15,2.05
T1,19/04/15,Erciyesspor,Eskisehirspor,,,,,,,2.9,3.25,2.4,2.75,3.2,2.45,2.6,3.1,2.5,2.85,3.1,2.4,2.96,3.34,2.54,2.8,3.1,2.38,,,,2.8,3.3,2.45,35,2.96,2.81,3.34,3.18,2.6,2.45,32,2.11,2.01,1.87,1.77,19,0,2.11,2.02,1.85,1.78
T1,19/04/15,Sivasspor,Balikesirspor,,,,,,,1.53,4,6,1.55,4,5.5,1.5,3.8,5.5,1.6,3.7,5.2,1.56,4.4,6.18,1.57,3.75,5,,,,1.53,4.3,5.5,41,1.62,1.54,4.5,4.03,6.18,5.51,31,1.7,1.63,2.37,2.21,23,-1,1.99,1.92,1.96,1.88
T1,19/04/15,Trabzonspor,Galatasaray,,,,,,,2.5,3.5,2.63,2.65,3.3,2.5,2.6,3.1,2.5,2.5,3.3,2.55,2.7,3.6,2.61,2.5,3.2,2.62,,,,2.6,3.6,2.5,39,2.73,2.57,3.6,3.36,2.7,2.56,35,1.75,1.69,2.27,2.13,21,0,2.01,1.91,1.94,1.89
T1,20/04/15,Fenerbahce,Bursaspor,,,,,,,1.62,4,5,1.57,3.9,5.25,1.6,3.6,4.8,1.6,3.6,5.2,,,,1.62,3.8,4.8,,,,1.62,4,5.2,37,1.67,1.61,4.2,3.88,5.8,5,34,1.77,1.68,2.25,2.12,20,-0.75,1.84,1.78,2.11,2.03
T1,20/04/15,Mersin Idman Yurdu,Akhisar Belediyespor,,,,,,,2.2,3.3,3.25,2.15,3.3,3.2,2.1,3.1,3.2,2.15,3.2,3.2,,,,2.15,3.3,3.1,,,,2.2,3.3,3.4,37,2.26,2.14,3.5,3.27,3.62,3.24,33,1.9,1.83,2,1.93,19,-0.25,1.92,1.86,2,1.93
